{
  "project_info": {
    "project_number": "482656221094",
    "project_id": "worldrace-4fb60",
    "storage_bucket": "worldrace-4fb60.firebasestorage.app"
  },
  "client": [
    {
      "client_info": {
        "mobilesdk_app_id": "1:482656221094:android:9a0f6073ddcf589fc44167",
        "android_client_info": {
          "package_name": "com.worldrace.app"
        }
      },
      "oauth_client": [],
      "api_key": [
        {
          "current_key": "AIzaSyCIe2ed39VIu8pxpqLDNotyLtozxAUWkYI"
        }
      ],
      "services": {
        "appinvite_service": {
          "other_platform_oauth_client": []
        }
      }
    }
  ],
  "configuration_version": "1"
}